nombre,direccion
AC hotel by Marriott Santa Fe,"Juan Salvador Agraz 130 Lomas de Santa Fe, Contadero, Cuajimalpa, CMX 5348"
Altezza Palmas,"Av. Paseo de las Palmas 340 Lomas - Virreyes, Lomas de Chapultepec V Secc, Miguel Hidalgo, CMX 11000"
Cervantes 169,"Blvd. Miguel de Cervantes Saavedra 169 Granada, Miguel Hidalgo, CMX 11520"
Cipriani Polanco,"Presidente Masaryk 311 Polanco, Miguel Hidalgo, CMX 11550"
City Express Ciudad de Mexico Buenavista,"Insurgentes Nte. 226 Santa Maria la Ribera, Ciudad de Mexico, CMX 6400"
Club de Golf Mexico,"Glorieta Sur 64 San Buenaventura, Xochimilco, CMX 14620"
Club Deportivo Chapultepec,"Calz. Gral. Mariano Escobedo 665 Polanco, Bosque de Chapultepec I Secc,, Miguel Hdalgo, CMX 11590"
COPEMSA Bajio,"Bajio No. 322 Esq. Chilpancingo Roma Sur, Cuauhtemoc, CMX 8760"
COPEMSA Vizcainas,"Plaza de las Vizcainas s/n Eje Central Lazaro Cardena, Cuauhtemoc, CMX 6010"
Corporativo Lomas Cantabria A.C.,"Cerrada de Palomas 22 Reforma Social, Miguel Hidalgo, CMX 11650"
Courtyard Mexico City Airport,"Sinaloa 31 Pe├▒├│n de los Ba├▒os, Venunstiano Carranza, CMX 15520"
Crater 823,"Crater 823 Jardines del Pedregal, Alvaro Obregon, CMX 1900"
Downtown Santa Fe,"Av. Santa Fe 428 H2O Zedec Santa Fe., Cuajimalpa, CMX 5349"
Fiesta Americana Grand Chapultepec,"Av. Mariano Escobedo #756 Anzures, Miguel Hidalgo, CMX 11590"
Fiesta Americana Reforma,"Paseo de la Reforma 80 Juarez, Cuauhtemoc, CMX 6600"
Fiesta Inn Insurgentes Viaducto,"Av. Insurgentes Sur 553 Escandon I Secc, Benito Juarez, CMX 11800"
Fiesta Inn Periferico Sur,"Periferico Sur #5530 Col. Pedregal de Carrasco, Coyoacan, CMX 4700"
Fiesta Inn Plaza Central Aeropuerto,"Calle Canal Rio Churubusco 1635 Central de Abasto, Iztapalapa, CMX 9040"
"Four Seasons Hotel Mexico, D.F.","Paseo de la Reforma 500 Juarez, Cuauhtemoc, CMX 6600"
German Center,"Av Sta Fe 170 Zedec Sta Fe, Alvaro Obregon, CMX 1219"
Gran Sur,"Periferico Sur 5550, Pedregal de Carrasco El Caracol, Coyoacan, CMX 4700"
Hotel Galeria Plaza Reforma,"Hamburgo 195 Colonia Juarez, Cuauhtemoc, CMX 6600"
Hotel W,"Campos El├¡seos 252 Polanco, Polanco IV Secc,, Deleg. Miguel Hidalgo, CMX 11560"
InterContinental Presidente Santa Fe Mexico,"Juan Salvador Agraz 97 Ave Real, Santa Fe, CMX 5300"
La Cocina el Tras,"Carretera Federal Mexico - Toluca 2685 Palo Alto, Cuajimalpa de Morelos, CMX 5110"
Live Aqua Bosques Mexico,"Av. No. Col., Paseo de Los Tamarindos 98 Bosque de las Lomas, Cuajimalpa, CMX 5120"
Plaza Altavista,"Av. Altavista 147, Alvaro Obregon, CMX 1060"
Presidente InterContinental Polanco,"Campos Eliseos 218, Col. Chapultepec Polanco, Polanco IV Secc, Miguel Hidalgo, CMX 11560"
Qubica Lomas,"Volcan 150, Lomas - Virreyes Lomas de Chapultepec V Secc, Miguel Hidalgo, CMX 11000"
Samara Santa Fe,"Calle Antonio Dovali Jaime, 70 Zedec Santa Fe, Alvaro Obregon, CMX 1219"
Sanborn's Palmas,"Paseo de Las Palmas 781 Lomas de Chapultepec V Secc, Miguel Hidalgo, CMX 11560"
Sanborn's Tacubaya,"Jose Vasconcelos 106 San Miguel Chapultepec, Miguel Hidalgo, CMX 11850"
Sheraton Four Points Roma CDMX,"Av. Alvaro Obregon 38, Roma Nte, Cuauhtemoc, CMX 6700"
Sheraton Santa Fe Mexico City,"200 Guillermo Gonzalez Camarena, Alvaro Obregon, CMX 1210"
Sinaloa 195,"Sinaloa 195 Roma Nte, Cuauhtemoc, CMX 6700"
St. Regis Mexico City,"439 Paseo de la Reforma, Cuauhtemoc, CMX 6500"
Terraza Pedregal,"Anillo Perif. Blvd. Adolfo Lopez Mateos 4132 Jardines del Pedregal, Cuauhtemoc, CMX 1900"
Torre Optima,"Paseo de las Palmas 405 Lomas de Chapultepec V Secc, Miguel Hidalgo, CMX 11000"
Torre Optima 3,"Av. Paseo de las Palmas 425 Lomas de Chapultepec V Secc, Miguel Hidalgo, CMX 11000"
Torre Reforma,"Paseo de La Reforma 483, Cuauhtemoc, CMX 6500"
Torre Reforma 115,"Paseo de La Reforma 115 Lomas de Chapultepec V Secc, Miguel Hidalgo, CMX 11000"
